vin,car_model,car_mk,car_model_yyyy,color,created_at,num
1FTEW1E84AK882947,62,Maybach,2009,Aquamarine,2021-06-23 12:14:51,56.151
WAUEF98E47A862440,Capri,Mercury,1991,Khaki,2021-08-13 15:26:09,
1FMJU1J56AE017018,Grand Caravan,Dodge,2000,Red,2021-03-13 08:10:10,
WBAVM1C55FV380243,LHS,Chrysler,,,2021-11-12 13:16:40,56.915
1G6KD5E62BU946624,C-MAX Hybrid,Ford,,,2021-05-26 08:55:39,
JM3TB2BA1F0240618,Leone,Subaru,1985,Yellow,2021-06-10 01:02:59,7.649
1VWAH7A38DC739858,Diamante,Mitsubishi,,,2021-04-10 11:30:15,10.569
1FTEX1CMXBK036854,GL-Class,Mercedes-Benz,2008,Maroon,2021-03-27 11:21:59,61.018
JN1AZ4EH0BM352428,Forester,Subaru,,,2021-07-14 22:18:13,36.378
3C6JD7APXCG877437,Ram 2500 Club,Dodge,,,2021-09-13 06:17:30,58.59
JA32U1FU7BU182058,Zephyr,Lincoln,2006,Crimson,2021-06-02 16:11:41,
JTEBU5JR1A5582956,Tempo,Ford,1990,Purple,2021-12-22 04:55:38,70.479
1FTEW1CM5EF321719,Taurus X,Ford,2009,Aquamarine,2021-11-12 04:26:35,22.882
WBA4C9C59FG455138,Windstar,Ford,2000,Yellow,2021-04-06 07:28:54,
YV1902AH9B1646720,1 Series,BMW,,,2021-03-28 13:41:11,36.989
WAUDH48H77K536547,Suburban 2500,GMC,1997,Aquamarine,2021-09-23 09:12:39,
1GYS3GKJ8FR034264,Escape,Ford,2006,Violet,2021-01-08 07:12:17,64.404
1G6DS5E37C0842188,Jimmy,GMC,1995,Blue,2021-02-25 17:44:11,8.472
1G4GC5EG5AF274703,Alero,Oldsmobile,2003,Pink,2021-11-06 07:53:43,86.404
1C3CCBAG5EN693884,Z4,BMW,2004,Turquoise,2021-05-04 13:09:09,
19UUA66278A867610,Pajero,Mitsubishi,1995,Goldenrod,2021-06-07 13:18:30,5.028
WAUR4AFD6CN529131,B9 Tribeca,Subaru,2006,Purple,2021-07-28 12:15:52,
1G6AZ5S3XE0591270,Eclipse,Mitsubishi,1999,Turquoise,2021-08-10 19:19:36,82.979
19UUA8F72DA472896,tC,Scion,2013,Pink,2021-07-03 16:15:42,27.527
3VWJP7AT9CM229146,RS6,Audi,2003,Orange,2021-07-24 12:09:22,2.132
1HGCR2F33FA141486,B-Series,Mazda,1986,Puce,2021-04-16 00:59:23,
WDDEJ7KB8CA755542,900,Saab,1997,Indigo,2021-10-25 19:40:12,51.483
JM1CW2BL9E0361829,Cayenne,Porsche,2003,Turquoise,2021-07-26 09:35:25,46.18
1G6AC5S37F0222918,Soul,Kia,,,2021-07-10 18:10:34,80.29
1G6AE5SX7D0543982,IS-F,Lexus,2010,Crimson,2021-05-16 04:22:23,10.998
2FMDK3AK0EB166627,Yukon,GMC,,,2021-12-16 18:39:17,
1N4AL2AP9CC574527,Quattroporte,Maserati,2008,Maroon,2021-02-04 03:00:09,
WBALZ5C54CD350118,Tracer,Mercury,1993,Pink,2021-08-21 19:41:54,53.362
SCBCU7ZA9AC202800,Bonneville,Pontiac,2005,Khaki,2021-05-19 21:43:25,21.762
JA32U2FU7EU474500,Viper,Dodge,1996,Maroon,2021-09-11 06:08:09,68.055
SCFBF03B88G348993,H3T,Hummer,2010,Goldenrod,2021-04-18 01:31:44,7.87
1G4HD57298U915098,Savana 3500,GMC,2001,Maroon,2021-04-06 01:26:03,
JH4CU26619C277419,Vibe,Pontiac,2006,Indigo,2021-08-27 10:01:36,25.14
1N6AA0CA0DN767598,Familia,Mazda,1988,Fuscia,2021-02-17 21:32:40,31.739
SALSF2D40AA034542,Yukon,GMC,1995,Fuscia,2021-07-24 23:25:11,
WA1WMBFE0FD064676,Town & Country,Chrysler,1999,Puce,2021-01-24 07:10:34,11.663
WA1WKAFP7BA082833,Mustang,Ford,,,2021-01-05 18:09:24,
2HKRM3H57FH146646,i-370,Isuzu,,,2021-03-08 16:03:08,
1G6KD57949U813753,Camry,Toyota,1998,Goldenrod,2021-06-06 16:35:58,99.969
WAULT68E84A309364,Cougar,Mercury,,,2021-04-14 03:43:57,
WBAUN1C53CV966167,Tempo,Ford,1990,Fuscia,2021-05-29 04:53:28,42.47
WUADUAFG6CN380696,S5,Audi,2008,Yellow,2021-06-23 23:38:31,
3D73M4CL2BG289420,LSS,Oldsmobile,1997,Crimson,2021-12-13 18:48:22,69.385
3N1CE2CP0EL364743,Mirage,Mitsubishi,1998,Mauv,2021-11-14 04:24:39,63.164
3C6TD5FT3CG781622,760,BMW,2005,Blue,2021-06-04 06:23:32,
JTHBE1BL6FA555575,B-Series,Mazda,2009,Mauv,2021-10-09 17:26:23,51.935
SAJWJ1CD3F8567228,Neon,Plymouth,1998,Indigo,2021-01-17 00:27:18,94.002
KMHCT4AE7CU852957,XK Series,Jaguar,2013,Mauv,2021-01-23 07:10:29,24.031
WBAWB73568P731598,Excursion,Ford,2005,Maroon,2021-10-11 01:48:28,91.005
1FBNE3BL4AD813241,Bonneville,Pontiac,,,2021-01-12 15:53:28,
SALGS2DF0DA546289,RX,Lexus,2008,Violet,2021-10-17 08:34:32,20.15
1G6AW5SX3E0937672,2500,Chevrolet,1996,Maroon,2021-12-09 16:24:42,
1C3CC5FBXAN884824,Montero Sport,Mitsubishi,1999,Crimson,2021-10-06 17:33:15,74.174
WVGEF9BPXED014650,S10,Chevrolet,,,2021-03-20 03:00:01,65.092
19UUA65684A456148,Discovery,Land Rover,1996,Violet,2021-04-18 11:25:59,42.526
JTDKN3DP9F3170223,Escape,Ford,2000,Teal,2021-03-08 17:04:34,
1FBNE3BL5CD128216,Acclaim,Plymouth,1993,Maroon,2021-09-20 21:40:29,22.301
1D7RE3BKXBS876421,Cirrus,Chrysler,1999,Maroon,2021-05-23 16:18:52,1.793
WBABW33466P705700,Tahoe,Chevrolet,2000,Indigo,2021-06-30 09:38:02,
1GKKRNED9CJ558956,300M,Chrysler,,,2021-06-04 00:23:22,14.325
WBAEV53452K733779,Fairlane,Ford,1967,Mauv,2021-12-31 20:52:35,93.948
JH4DB76521S987373,Sonata,Hyundai,2010,Red,2021-01-04 07:36:25,64.358
JM1NC2PF5E0452746,SX4,Suzuki,2007,Orange,2021-02-13 06:23:45,3.958
4T1BF1FKXEU555507,Daewoo Lacetti,Suzuki,2005,Crimson,2021-05-24 21:26:32,79.369
WBA3B9C56DJ867533,98,Oldsmobile,1996,Blue,2021-12-15 06:07:03,
1C4RDJAG3CC425924,Mark LT,Lincoln,2006,Crimson,2021-11-26 02:25:08,96.043
1N6AF0LX3FN958263,Achieva,Oldsmobile,1997,Puce,2021-05-21 03:19:11,56.907
1GTN2TEH1FZ751497,Aerostar,Ford,1994,Blue,2021-05-01 15:45:53,17.991
2G61M5S31F9863713,Corolla,Toyota,1994,Fuscia,2021-02-14 19:56:06,50.511
WBAXG5C53CC267115,928,Porsche,1995,Purple,2021-02-04 16:52:42,37.497
5N1AA0NE0FN763648,Echo,Toyota,2004,Orange,2021-12-23 04:53:30,
WP0AA2A96BS972350,Accent,Hyundai,2005,Red,2021-04-24 10:29:48,59.37
WAUSH78E96A522894,RX-8,Mazda,2011,Violet,2021-04-03 02:18:01,10.943
1D7RW3BK5BS814566,Maxima,Nissan,2007,Blue,2021-09-19 12:22:44,14.078
WBAAZ33463K684388,Sierra,GMC,2012,Aquamarine,2021-08-23 06:21:00,49.653
WAUAGAFD6DN506809,GS,Lexus,1998,Indigo,2021-06-26 18:03:14,82.82
1GD312CGXDF896305,Grand Am,Pontiac,2001,Purple,2021-06-29 10:11:38,99.428
1G6YV36A685027436,Tundra,Mitsubishi,2009,Maroon,2021-09-15 05:11:05,87.146
WA1WGBFP9EA856639,Sportage,Kia,1995,Red,2021-10-25 04:56:10,54.044
5FNYF3H22EB637926,Neon,Dodge,2001,Teal,2021-12-14 12:53:28,88.253
KMHEC4A45DA499704,Mustang,Ford,2000,Pink,2021-02-21 09:06:48,
WAUNF98P07A600058,240SX,Nissan,1998,Fuscia,2021-02-23 21:57:27,14.965
WAUDGAFL9CA807438,Grand Cherokee,Jeep,2008,Green,2021-05-02 21:18:26,
KL4CJCSB3FB427741,3500 Club Coupe,GMC,1993,Pink,2021-06-13 13:14:12,79.137
4A4JM2ASXBE853315,Regal,Buick,1997,Orange,2021-03-30 20:42:20,86.207
1FTWW3B51AE272996,S-Class,Mercedes-Benz,2002,Pink,2021-02-27 17:50:21,
WAUDG58E45A555350,Express 3500,Chevrolet,2003,Puce,2021-08-11 05:45:13,47.771
WBAEP33473P965934,Blazer,Chevrolet,2000,Pink,2021-11-15 00:32:57,39.405
WAUMGAFL1CA612160,Coachbuilder,Buick,1995,Teal,2021-11-10 08:02:02,74.836
WBA3T3C52EP483449,911,Porsche,,,2021-04-16 14:00:44,65.226
5N1AN0NWXEN582665,A5,Audi,,,2021-02-26 21:19:39,
3GYT4LEF0BG404599,Maxima,Nissan,1990,Green,2021-03-02 08:47:31,
1GYFK43808R906552,Sportvan G20,Chevrolet,,,2021-09-13 08:28:00,
WBADX7C59DJ702327,Country,Ford,1967,Purple,2021-08-24 07:21:42,
5N1AL0MM9FC703382,Nubira,Daewoo,2000,Crimson,2021-11-09 19:37:34,97.539
WAUML44D62N180276,S60,Volvo,2012,Yellow,2021-01-12 08:55:57,
WAUDF48H39K588895,Aerio,Suzuki,2006,Blue,2021-11-02 14:08:12,18.479
2T1BU4EE4CC465609,MX-5,Mazda,2010,Purple,2021-01-04 01:09:33,
1FTEW1CM9CF689933,Villager,Mercury,2002,Puce,2021-05-11 16:41:38,
5J6TF2H5XEL708621,LX,Lexus,2007,Teal,2021-04-06 18:38:52,98.553
19UUA66228A764918,GTO,Mitsubishi,1994,Yellow,2021-10-25 23:41:01,10.004
WBAWC3C56AP790632,626,Mazda,1985,Fuscia,2021-09-08 07:30:37,
1GYS4UKJXFR284133,Altima,Nissan,1999,Aquamarine,2021-12-17 08:48:15,82.424
WBAGN83403D646629,Type 2,Volkswagen,1986,Khaki,2021-11-16 21:24:45,
WAUBH74F68N486995,Exige,Lotus,2004,Teal,2021-04-14 07:32:20,
5N1AN0NU3EN944558,Optima,Kia,2009,Khaki,2021-09-25 03:55:31,
JH4CU4F66CC465176,Prelude,Honda,2000,Puce,2021-10-23 07:37:59,78.619
3D7TT2HT9AG631380,Vega,Chevrolet,1971,Aquamarine,2021-04-15 10:30:23,81.548
JN1EY1AP7DM288021,Dakota Club,Dodge,2004,Turquoise,2021-11-13 18:36:57,
2T1KU4EE4DC507410,Patriot,Jeep,2012,Pink,2021-12-27 17:52:39,35.993
WBSBR93462P277367,Maxima,Nissan,1995,Violet,2021-03-24 11:38:10,11.239
3VW1K7AJ8FM807402,W201,Mercedes-Benz,1992,Khaki,2021-04-26 08:59:31,54.579
WAUNF98P78A482236,Integra,Acura,1997,Violet,2021-11-15 08:19:47,51.94
1G6YV36A385073886,ES,Lexus,2001,Red,2021-08-23 19:02:44,94.535
3FADP0L33CR904728,Rio,Kia,2012,Purple,2021-04-16 14:56:11,37.092
WVWGD7AJ4EW674451,Villager,Mercury,1995,Green,2021-05-21 10:38:03,
1FTMF1C88AK564599,C70,Volvo,2007,Maroon,2021-03-18 09:43:43,36.585
WBAWC33518P765521,Diamante,Mitsubishi,2002,Pink,2021-04-01 18:14:39,7.983
JTDKTUD39ED293568,Continental GTC,Bentley,2011,Puce,2021-08-18 06:19:35,65.024
SCBFT7ZA5DC151476,Grand Vitara,Suzuki,2006,Violet,2021-08-12 17:55:28,94.908
WAULT58E12A890620,Continental GT,Bentley,2009,Mauv,2021-11-12 22:09:07,21.879
WBANF735X7C693797,Viper,Dodge,2008,Pink,2021-11-14 23:56:52,75.154
WA1LFAFP4EA177748,Mariner,Mercury,2009,Red,2021-07-14 12:29:58,86.859
WBA4A7C55FG430165,LeSabre,Buick,1999,Indigo,2021-12-01 19:47:16,91.188
WA1VGBFP1EA198035,Ghost,Rolls-Royce,2010,Aquamarine,2021-03-04 22:22:49,
JM1NC2LF0C0740046,Express 1500,Chevrolet,1997,Green,2021-07-02 17:37:40,10.547
WAUAF78E77A278262,A8,Audi,2000,Mauv,2021-02-12 05:34:20,38.21
JTEBU5JR0D5340521,Savana 2500,GMC,2010,Turquoise,2021-09-02 07:42:34,3.145
WAULC68E25A026945,3 Series,BMW,1992,Aquamarine,2021-07-17 07:25:51,61.502
SCBBP93W89C751211,626,Mazda,,,2021-11-11 10:41:51,
WAUDH78EX6A471897,Rally Wagon 3500,GMC,1992,Yellow,2021-04-21 00:46:38,5.849
SCFHDDAJ3AA619095,Grand Prix,Pontiac,1992,Red,2021-10-13 01:42:48,94.027
SCBFT7ZA4DC564571,Festiva,Ford,1992,Pink,2021-10-07 16:28:44,
WBAVM1C56DV265115,300M,Chrysler,2000,Goldenrod,2021-11-01 11:31:22,94.657
2T1BURHE9EC050183,LS,Lexus,2010,Red,2021-09-27 09:39:03,39.943
1G6YX36DX95937032,Navigator,Lincoln,2006,Purple,2021-08-02 10:40:33,32.282
1GYS4HKJ4FR337528,Range Rover,Land Rover,2007,Orange,2021-10-11 06:56:26,
WAUJC58E82A426893,4Runner,Toyota,2000,Khaki,2021-10-22 03:41:45,
5FRYD4H9XGB276410,Karif,Maserati,1990,Khaki,2021-08-04 12:09:46,
WAUMGBFLXBA217849,Passat,Volkswagen,,,2021-06-28 15:51:12,57.136
1FTEX1CWXAF385036,Torrent,Pontiac,2006,Turquoise,2022-01-01 17:38:18,19.207
1G6DC8EY4B0262938,Range Rover Sport,Land Rover,2012,Khaki,2021-03-19 17:43:06,75.474
WAUKH98E47A568033,S60,Volvo,2007,Blue,2021-09-26 10:51:35,3.532
5NPE24AF7FH146188,TL,Acura,2006,Purple,2021-12-13 05:30:17,25.579
WAUEG98EX6A925925,Explorer,Ford,1991,Purple,2021-04-24 18:01:11,5.845
1G6DK5ED3B0920070,TL,Acura,2008,Yellow,2021-12-19 18:39:21,16.23
WAUML44DX2N352342,B-Series,Mazda,,,2021-03-07 10:16:17,
3VW4A7AT5CM877078,Mustang,Ford,1993,Turquoise,2021-11-04 18:27:57,
1N6AF0KX5EN989790,Sebring,Chrysler,2008,Teal,2021-03-25 14:59:51,90.661
5J6TF1H39CL124748,Eurovan,Volkswagen,,,2021-06-14 12:34:07,40.759
1C3BCBFG6CN882156,C30,Volvo,2010,Violet,2021-07-26 15:29:54,65.372
W06VR54R21R775495,Stratus,Dodge,2004,Purple,2021-10-23 06:34:35,6.73
WAUEH98E06A494587,Ram Van 1500,Dodge,2002,Teal,2021-02-07 13:50:01,43.846
KNDPB3A25B7537631,Insight,Honda,2006,Maroon,2021-07-06 00:31:10,
5TDBW5G16ES130260,Sunfire,Pontiac,1996,Puce,2021-04-20 22:52:09,
WAUDF68E75A164685,Express 2500,Chevrolet,2004,Khaki,2021-12-17 10:36:35,62.714
1D7RB1CT2BS779573,Neon,Dodge,2005,Mauv,2021-07-21 07:41:03,57.191
19UYA42421A012879,Prius Plug-in Hybrid,Toyota,2012,Mauv,2021-09-27 02:18:56,90.976
WAUCFAFR3EA289896,Defender,Land Rover,1993,Green,2021-06-13 03:20:48,55.551
5TDBK3EH6DS219194,Windstar,Ford,2003,Puce,2021-02-01 20:02:41,
1GYFC362X9R973109,Solstice,Pontiac,2009,Purple,2021-01-31 05:08:10,93.029
3D7TT2CT9BG740060,Raider,Mitsubishi,2006,Orange,2021-11-07 07:03:38,75.421
YV1622FS9C2886752,X-Type,Jaguar,2007,Fuscia,2021-08-19 13:44:06,83.147
KMHCT4AE6CU897260,Lancer Evolution,Mitsubishi,2005,Crimson,2021-01-25 04:29:09,33.264
1FTSW2A50AE076543,A5,Audi,2008,Red,2021-07-06 03:12:15,78.942
JH4KC1F58EC157871,928,Porsche,1993,Orange,2021-07-24 23:07:46,72.155
3C6TD4CT1CG432084,Freelander,Land Rover,2009,Maroon,2021-03-08 09:43:46,
1N6AA0CC2BN339658,Econoline E350,Ford,2000,Goldenrod,2021-09-10 00:19:25,
1G6DL5EGXA0687035,Hombre,Isuzu,2000,Pink,2021-08-03 13:30:33,78.656
5J8TB18299A460379,Navigator,Lincoln,2009,Crimson,2021-09-08 03:01:47,64.698
WBA3B9G51EN558671,Astro,Chevrolet,2000,Blue,2021-05-30 08:43:24,15.086
JTJBM7FXXF5082662,Integra,Acura,2001,Yellow,2021-01-04 02:37:47,
1N6AF0LY5FN732587,Fox,Volkswagen,1990,Indigo,2021-01-21 14:54:13,
WBAYE8C50FD094843,Corvette,Chevrolet,1984,Pink,2021-05-04 06:24:00,76.714
WA1YD64B12N694543,Grand Am,Pontiac,1987,Puce,2021-05-25 18:56:53,
JM1GJ1T61F1042133,Econoline E250,Ford,2001,Puce,2021-12-18 23:20:24,
3VWF17AT9FM587228,Land Cruiser,Toyota,1996,Indigo,2021-10-14 21:37:01,84.844
JH4CW2H61CC529975,RAV4,Toyota,,,2021-04-21 08:03:38,42.349
WA1CV94L57D293883,Avalon,Toyota,1996,Orange,2021-02-02 10:38:28,58.382
WAUFEAFM2CA715238,Optima,Kia,,,2021-08-13 12:20:30,
SCFFDCCD9BG274565,Xtra,Toyota,1993,Pink,2021-05-31 01:29:21,
1FBNE3BLXDD579546,GTI,Volkswagen,,,2021-03-01 04:29:13,
WBXPA734X4W332102,Tucson,Hyundai,2008,Violet,2021-11-21 06:30:59,16.276
2G4GT5GX2F9776002,IS,Lexus,2001,Fuscia,2021-12-23 20:36:22,7.277
1GT01ZCG9EF250397,Civic,Honda,1988,Crimson,2021-09-19 01:14:59,
YV440MBD5F1080534,900,Saab,1987,Purple,2021-01-09 08:42:31,
1B3CB7HB7AD509049,Camry,Toyota,2010,Maroon,2021-06-09 23:47:54,59.964
JN1BJ0HR7DM118699,Caprice,Chevrolet,1977,Orange,2021-11-08 13:55:24,31.317
1N4AL3AP5DC145442,CL-Class,Mercedes-Benz,2003,Red,2021-10-25 12:48:37,69.378
WAUSG78E26A915221,Corvette,Chevrolet,2006,Pink,2021-05-19 14:27:31,
WAUPL68E25A078853,Explorer Sport,Ford,2003,Aquamarine,2022-01-01 06:00:31,14.584
WVWAA7AJ7CW066838,Corvette,Chevrolet,1966,Khaki,2021-06-10 18:17:33,47.87
2G4G05GV4B9325817,Sunbird,Pontiac,1994,Purple,2021-10-16 04:09:18,76.719
WBXPA93455W508339,Uplander,Chevrolet,2007,Yellow,2021-02-12 16:36:03,59.251
WAUEL74F55N906124,Tundra,Toyota,2009,Crimson,2021-07-22 12:37:34,
KL4CJDSB3FB666731,Electra,Buick,1987,Violet,2021-07-10 15:11:50,77.136
JN8AE2KP3D9560192,LTD Crown Victoria,Ford,1989,Indigo,2021-09-04 11:08:21,87.301
WBAUP9C54CV181634,Regal,Buick,,,2021-03-29 15:29:44,
1G4GC5ER2CF529098,SJ,Suzuki,1985,Green,2021-07-11 03:19:02,
JTHBK1EG9A2188780,Club Wagon,Ford,1994,Purple,2021-11-29 03:09:58,38.603
KNAFT4A29C5249037,Golf,Volkswagen,2002,Khaki,2021-01-08 07:42:39,21.027
SAJWA1C72D8524202,Equinox,Chevrolet,2007,Orange,2021-08-29 05:16:01,
WA1BY94LX7D290335,3000GT,Mitsubishi,1997,Pink,2021-07-20 23:13:41,67.443
WBA3A9C5XDF105702,Mighty Max,Mitsubishi,1986,Maroon,2021-07-13 16:45:20,
JN8AZ1MU7CW970107,Z4,BMW,2004,Pink,2021-08-15 23:07:34,61.539
4JGBF2FE0BA495833,L-Series,Saturn,2005,Blue,2021-02-07 19:42:08,
1G4GE5GD3BF375589,Diamante,Mitsubishi,2004,Goldenrod,2021-04-21 03:57:17,11.022
5UXWY3C58F0891268,Tiburon,Hyundai,2009,Purple,2021-07-17 05:35:40,
1N4AL3AP2DC558144,Sunfire,Pontiac,1999,Pink,2021-08-06 00:42:58,74.095
WA1LGBFE4DD545537,Econoline E250,Ford,1999,Turquoise,2021-01-04 23:26:32,12.734
1N4AL2AP4BC945740,GTO,Pontiac,,,2021-07-08 14:57:31,
1D7RB1CPXAS209077,Escalade EXT,Cadillac,2008,Mauv,2021-07-25 08:06:27,42.979
WBANB53557C896144,9000,Saab,1992,Crimson,2021-02-09 10:22:59,
SAJWA4EB3EL271196,Regal,Buick,1998,Green,2021-10-23 20:58:44,
1G6DL67A080220392,Tundra,Toyota,2008,Indigo,2021-08-08 13:16:13,
1G6YV36A485088669,Econoline E250,Ford,1995,Turquoise,2021-12-10 05:55:02,75.492
3D7TT2CT6BG291744,Camry Hybrid,Toyota,2009,Indigo,2021-04-27 10:28:14,7.304
19UUA75658A137432,Touareg,Volkswagen,2004,Puce,2021-05-15 14:00:14,48.871
KNADH4A38A6340874,57,Maybach,2004,Pink,2021-10-27 16:26:33,
1GYS4CEF7BR498699,GS,Lexus,1999,Aquamarine,2021-01-31 02:50:17,94.295
WAUDF98E68A171990,Mazda5,Mazda,2012,Crimson,2021-04-25 08:51:57,
2C3CA5CGXBH600463,Titan,Nissan,2008,Green,2021-09-02 05:45:27,89.817
1GYUCHEF4AR142654,7 Series,BMW,2001,Mauv,2021-02-15 00:31:11,31.309
WAUFFAFM0BA200881,Z8,BMW,2002,Purple,2021-05-26 09:20:23,15.033
1N6AF0LX7EN567339,Capri,Mercury,1985,Fuscia,2021-08-31 18:26:31,90.585
3C4PDCDG7FT351821,V70,Volvo,2009,Fuscia,2021-05-04 23:25:15,23.12
WBABW534X4P384561,LeSabre,Buick,1996,Violet,2021-06-13 23:19:57,25.532
JN8AZ1MU6DW989961,Element,Honda,2009,Purple,2021-12-29 07:21:40,
1FADP3E2XEL905897,Safari,GMC,1997,Blue,2021-06-19 18:53:49,50.864
JN8AS1MU5AM521764,xB,Scion,2008,Blue,2021-04-27 20:22:48,92.657
WAUGGBFC2CN260573,Seville,Cadillac,2002,Blue,2021-09-30 11:24:27,60.736
WBAKX8C54CC955720,Vandura 2500,GMC,1992,Purple,2021-12-16 19:23:23,69.697
5N1AA0NE1FN483155,S-Series,Saturn,2001,Crimson,2021-10-26 16:30:22,58.121
SCBCR73W08C814478,911,Porsche,1994,Violet,2021-10-06 18:33:38,56.565
WBAPT73518C811996,Gallardo,Lamborghini,2010,Mauv,2021-02-03 17:23:12,74.895
3D7TP2HT5AG982209,TSX,Acura,2008,Pink,2021-05-16 03:37:44,89.011
WAUAFAFH8DN532138,Grand Prix,Pontiac,,,2021-09-22 06:37:20,
JN8AS1MUXBM172151,X3,BMW,2012,Khaki,2021-11-18 01:29:50,40.581
WAUCFAFC7DN648671,Caravan,Dodge,2000,Crimson,2021-12-25 07:12:28,80.329
1C4RDJDG0CC560869,Discovery,Land Rover,1999,Aquamarine,2021-06-13 12:26:32,71.27
JN8AZ2KR0ET282636,Outlander,Mitsubishi,,,2021-04-11 20:09:06,30.618
WAUGL78E95A225871,3000GT,Mitsubishi,1995,Pink,2021-07-07 23:44:26,83.47
1G6DU6EA5A0453156,M-Class,Mercedes-Benz,,,2021-11-18 19:55:17,
WA1CMAFE1CD853301,Camry,Toyota,1997,Crimson,2021-08-13 06:28:29,
3N1CN7AP0FL648018,PT Cruiser,Chrysler,2009,Green,2021-11-03 22:19:07,73.089
5N1AR2MM1FC660926,SL-Class,Mercedes-Benz,1986,Fuscia,2021-06-15 21:07:40,
WDDPK4HA6EF933988,Storm,Geo,,,2021-06-23 10:07:59,
JH4DB75671S561902,Swift,Suzuki,1993,Crimson,2021-09-21 20:27:24,
2C3CDXBG8DH982032,Yukon XL,GMC,2006,Aquamarine,2021-09-06 04:22:37,
WBA6B4C50DD056633,Sierra 3500HD,GMC,2006,Pink,2021-09-09 01:58:47,
2FMDK3AC5AB303676,1000,Pontiac,1985,Pink,2021-06-16 16:00:05,63.492
1N6AF0LY9FN265206,Sunbird,Pontiac,1988,Blue,2021-06-22 09:46:42,48.318
1G6DS8EV7A0786561,Grand Marquis,Mercury,2000,Green,2021-04-06 00:21:06,74.388
WA1LMBFE2AD753436,9-5,Saab,2002,Yellow,2021-03-22 03:31:54,51.528
19UUA9E55DA687467,B-Series,Mazda,1994,Turquoise,2021-11-02 09:28:49,
5GALVAED4AJ729776,Elan,Lotus,1991,Fuscia,2021-05-02 16:20:46,2.517
JTHBP5C23E5124268,Voyager,Plymouth,1998,Orange,2021-01-06 18:57:00,51.429
WAUEL94F55N957621,S2000,Honda,,,2021-08-12 11:17:31,63.643
2C3CDXJG5EH835461,9-3,Saab,2003,Turquoise,2021-11-06 10:11:11,
1G6DA67V190898126,Impala,Chevrolet,2011,Purple,2021-11-08 06:47:41,40.753
WBAVC53548A671711,5000CS,Audi,1987,Khaki,2021-09-03 15:27:38,
WBAWR335X8P528198,Topaz,Mercury,1990,Teal,2021-03-03 20:06:34,
JN8AS5MT3AW382995,Vandura 2500,GMC,1993,Violet,2021-05-28 22:11:23,
WAUVT58E65A954745,S40,Volvo,2002,Green,2021-06-04 01:38:38,
WAUEH64B21N304963,Tucson,Hyundai,2008,Puce,2021-06-23 16:10:33,50.323
2B3CJ5DT4AH169447,M3,BMW,,,2021-05-26 08:50:18,71.352
YV4952BL7E1056611,MDX,Acura,,,2021-05-15 03:48:35,69.016
WBAUL7C50CV083913,Sienna,Toyota,2010,Turquoise,2021-07-08 07:57:21,
2HNYD18684H377077,Taurus X,Ford,2009,Yellow,2021-12-21 04:39:30,36.517
5J8TB4H34GL619353,300M,Chrysler,2001,Pink,2021-11-19 08:06:44,60.159
JM1BL1L37C1437665,M3,BMW,2008,Purple,2021-05-08 01:20:02,52.565
1FTMF1E85AK154923,Golf,Volkswagen,1984,Yellow,2021-11-17 08:48:02,
JM1DE1KY7C0122533,Sedona,Kia,2006,Aquamarine,2021-01-03 14:12:38,70.707
TRUVD38J091702826,Venture,Chevrolet,2003,Yellow,2021-06-22 05:23:36,
WBAUL7C55BV844479,Silverado,Chevrolet,2007,Fuscia,2021-12-31 06:27:15,21.213
SCFAB01A77G210975,Dakota Club,Dodge,2006,Green,2021-04-27 09:43:07,5.942
SALVE2BG6FH097835,F-Series,Ford,1994,Turquoise,2021-07-21 07:37:35,49.007
19UUA66267A272004,Corvette,Chevrolet,1960,Puce,2021-02-26 19:25:45,
2C3CDZAT4FH486173,Xterra,Nissan,2009,Crimson,2021-11-03 11:19:07,
1FTFW1E84AF276366,430,Maserati,1991,Indigo,2021-01-10 02:13:49,4.328
WAUML64B42N845492,Soul,Kia,2010,Indigo,2021-02-28 17:08:53,7.525
WAUHF78P57A026543,Protege5,Mazda,2002,Maroon,2021-02-24 20:57:32,
WAUEF78E38A247674,Stratus,Dodge,2002,Teal,2021-08-26 18:57:15,
WAUBF48H17K611823,Solara,Toyota,2005,Red,2021-09-24 19:58:28,72.988
WAUJT68E43A362553,Land Cruiser,Toyota,1994,Teal,2021-08-06 04:42:46,90.243
1N6AA0CA1BN775092,Taurus,Ford,2001,Goldenrod,2021-11-14 22:09:06,27.82
1B3BD2FB4BN717476,R-Class,Mercedes-Benz,2006,Mauv,2021-03-24 03:59:26,97.446
5XYZG3AB6BG778787,Armada,Nissan,2008,Orange,2021-07-27 09:47:09,
WBASN2C56BC075331,SVX,Subaru,1992,Red,2021-01-25 07:23:13,97.971
2T1KU4EE7DC914959,Ram,Dodge,2003,Fuscia,2021-10-13 12:20:08,84.197
1GYS3BEF7BR533299,Caravan,Dodge,1994,Green,2021-05-04 07:54:00,45.08
1G4CU541114379436,L300,Mitsubishi,1987,Khaki,2021-04-27 06:56:30,36.289
WVWAB7AJ4CW093721,Corolla,Toyota,1992,Violet,2021-05-09 03:20:28,
1GD22XEGXFZ841602,Avalon,Toyota,2008,Green,2021-09-10 08:03:07,76.51
1FTEX1CM8CF077218,Grand Prix,Pontiac,1968,Turquoise,2021-05-03 09:34:22,49.516
WAUHGAFC7FN574173,Sonoma,GMC,1995,Blue,2021-09-21 03:38:37,14.368
WAUEL94F86N441500,Legacy,Subaru,,,2021-10-27 05:50:26,
55SWF4JB1FU099789,SC,Lexus,2010,Puce,2021-03-02 12:52:29,
JTEBU5JR0A5676892,57,Maybach,,,2021-08-25 20:09:13,
WAUML54B94N285269,Firebird,Pontiac,1987,Khaki,2021-06-22 15:14:17,58.084
1G6DK5ED5B0157193,Forenza,Suzuki,2005,Violet,2021-05-22 19:14:35,85.865
1G6KD57Y89U726218,DeVille,Cadillac,2005,Violet,2021-07-20 04:00:35,75.61
JN8AZ2NC8C9318199,Lanos,Daewoo,2001,Purple,2021-11-16 15:30:29,90.593
WA1VYAFE3AD380639,Vandura 2500,GMC,1994,Green,2021-12-31 19:10:53,79.983
5UXFG2C54CL085046,V8,Audi,1994,Blue,2021-03-27 18:42:11,
1D4PU4GK0AW694479,Pacifica,Chrysler,2006,Fuscia,2021-07-26 09:11:11,30.228
WAUHF78P58A394366,Stratus,Dodge,2006,Red,2021-03-05 22:20:26,
1G6YV36A185476779,Celica,Toyota,1976,Turquoise,2021-03-19 17:54:45,28.552
1GYFK33239R030289,W126,Mercedes-Benz,1983,Aquamarine,2021-11-01 02:09:27,27.218
WAUEF78E57A493415,Murciélago,Lamborghini,2002,Green,2021-02-16 04:00:01,36.382
WDDEJ9EB8DA242154,Grand Vitara,Suzuki,2010,Yellow,2021-12-13 03:20:29,66.755
WBAAV33491F127590,E350,Ford,2005,Mauv,2021-10-07 11:49:24,20.859
WBA3C3C51FP805547,Eldorado,Cadillac,1998,Crimson,2021-08-20 03:35:53,55.729
4JGDA2EB6CA085232,STS,Cadillac,2008,Khaki,2021-11-07 00:45:00,91.959
WBADX7C53DE853771,D250,Dodge,1992,Turquoise,2021-02-17 04:17:00,47.453
SCBGH3ZA0FC229681,Freelander,Land Rover,2003,Mauv,2021-10-21 06:27:59,
1GYS3FEJ4BR801267,88,Oldsmobile,1992,Orange,2021-08-27 04:48:33,54.863
WBA5M2C52ED290199,Taurus,Ford,1992,Yellow,2021-09-28 20:59:39,
3GYFNKE66BS432165,Leone,Subaru,1986,Red,2021-09-27 21:50:10,
WAUHE78P89A555412,Sunfire,Pontiac,2002,Aquamarine,2021-04-10 21:35:32,85.915
WBAKF3C57CJ923104,Spyder,Maserati,,,2021-10-12 12:41:31,
5N1AN0NW5DN622472,RS4,Audi,2007,Goldenrod,2021-07-18 16:06:22,2.923
WAUSF98E77A352988,Tracker,Chevrolet,2002,Violet,2021-07-17 15:13:46,9.168
KMHDB8AE0BU411832,Grand Marquis,Mercury,,,2021-12-26 22:39:39,55.692
5NPDH4AE0CH943248,Concorde,Chrysler,1996,Pink,2021-11-13 16:32:35,28.465
4JGBB9FBXBA102835,Freelander,Land Rover,,,2021-10-26 19:22:19,
SCFEBBAK7BG632615,Taurus,Ford,2011,Goldenrod,2021-08-18 00:05:03,
1G6KH5E63BU226561,New Yorker,Chrysler,1994,Red,2021-05-14 17:36:13,
1G4HA5EM5AU569747,7 Series,BMW,2011,Pink,2021-08-07 21:44:33,
1G6DE5E50C0757315,Century,Buick,,,2021-02-27 09:23:31,83.67
WBANE73536C902864,Patriot,Jeep,2011,Yellow,2021-11-22 11:17:37,75.901
WVGAV7AX7CW325378,Civic,Honda,,,2021-01-09 11:19:27,11.832
WBA3B1C52EP413263,Sonata,Hyundai,2011,Violet,2021-06-25 04:48:26,27.743
JN8AE2KP4C9116558,Mazda3,Mazda,2005,Green,2021-10-19 08:38:53,77.217
WAUBVAFA9AN704621,MX-3,Mazda,1996,Teal,2021-10-10 05:45:11,
WBAVA33557F093243,Gallardo,Lamborghini,2010,Green,2021-05-24 14:16:50,79.895
SCFEBBBK5EG984871,Colt,Plymouth,1993,Crimson,2021-10-20 06:22:12,
WVWAP7AN6DE572024,TT,Audi,2003,Turquoise,2021-09-07 20:07:52,
1FMJK1G53BE228482,Express 2500,Chevrolet,2001,Green,2021-07-01 23:31:56,50.566
1GYEE437780645564,940,Volvo,1994,Purple,2021-11-06 18:31:35,69.172
1HGCR2F33DA464045,GTO,Pontiac,1964,Khaki,2021-04-07 21:47:49,65.53
WAUEF78E18A747798,Avenger,Dodge,2011,Puce,2021-09-07 18:52:38,54.487
1FMJU1J51AE007139,Corvette,Chevrolet,1996,Orange,2021-05-02 03:25:43,
JN8AZ1MU2DW378034,CR-V,Honda,,,2021-11-27 16:10:53,23.422
WBA3A5G59CN420935,Corvette,Chevrolet,1988,Puce,2021-02-21 23:02:09,3.804
WBA3C3C59DF375639,Sunbird,Pontiac,1986,Yellow,2021-10-07 20:52:23,3.05
1N6AA0CH7FN357574,Town Car,Lincoln,2004,Aquamarine,2021-01-13 23:29:45,50.972
WBAVS135X8F895743,3500,Chevrolet,1999,Fuscia,2021-01-22 22:34:26,90.038
JTDKN3DP2C3181110,Firebird,Pontiac,1987,Turquoise,2021-02-06 09:52:27,96.851
WAUFFAFL0FN396861,F250,Ford,2008,Fuscia,2021-12-05 08:49:24,3.469
ZHWGU5BR6EL855505,626,Mazda,1993,Crimson,2021-09-03 04:23:06,74.939
WBAPH5C52BA061632,Corrado,Volkswagen,1991,Orange,2021-03-05 08:14:31,59.096
5J6TF1H38FL429789,Ram 2500,Dodge,,,2021-09-07 00:39:01,
JN1CV6FE1DM026497,V8,Audi,1991,Green,2021-08-18 16:37:48,66.97
JTDJTUD37ED127948,G8,Pontiac,2008,Red,2021-05-23 08:54:00,
1GYS3BEF2BR948594,Durango,Dodge,2011,Fuscia,2021-06-08 14:41:36,27.334
WBA3A5C59DJ671856,Insight,Honda,2000,Pink,2021-09-03 20:51:16,72.353
JN1AV7AR1FM887155,4000s,Audi,1985,Violet,2021-03-17 05:09:28,14.096
1FTEX1CW8AK109042,Savana 1500,GMC,,,2021-08-09 09:36:22,
3GYEK62N56G460071,Suburban 1500,GMC,1993,Pink,2021-06-23 17:20:33,
SALVP2BG5FH767255,Alcyone SVX,Subaru,1993,Maroon,2021-04-30 01:09:23,
3N1CN7AP6EK643975,Camry,Toyota,2004,Khaki,2021-04-30 16:49:06,
2C3CDYBT3CH345440,645,BMW,2004,Aquamarine,2021-07-27 10:35:17,60.219
1FBNE3BL9CD805753,Land Cruiser,Toyota,1992,Green,2021-07-06 06:31:33,38.345
5FRYD3H26GB072510,Cooper Clubman,MINI,2008,Pink,2021-01-17 15:42:02,42.578
WAUJC68E25A419383,Amanti,Kia,2004,Maroon,2021-09-12 19:21:30,38.968
1FTSW2A58AE053186,Contour,Ford,1995,Green,2021-06-19 15:07:15,33.764
WA1CFBFP1DA227042,Sequoia,Toyota,,,2021-12-13 22:50:43,33.348
WA1LGBFE3BD382571,Windstar,Ford,2002,Aquamarine,2021-11-19 06:38:21,15.143
WAUPFAFM4AA246796,Previa,Toyota,1992,Maroon,2021-12-10 06:41:07,25.648
5FRYD3H93GB237913,E-Series,Ford,2005,Maroon,2021-10-22 15:09:59,79.856
2T3BF4DV7AW745121,Cabriolet,Volkswagen,1990,Orange,2021-07-07 06:14:41,22.301
WAUDH78E16A332371,Savana 3500,GMC,1999,Maroon,2021-07-02 10:47:30,16.808
2C3CDXBG9DH292757,928,Porsche,1986,Goldenrod,2021-07-06 04:41:46,33.108
WBAWR33598P472948,A8,Audi,2004,Indigo,2021-01-23 14:29:04,61.924
SCBLC47J28C640900,2500,Chevrolet,1992,Blue,2021-03-24 22:19:10,27.126
JH4KB16648C201221,Integra,Acura,1994,Goldenrod,2021-03-17 10:24:34,15.66
1FTMF1E84AF188473,Civic,Honda,1998,Yellow,2021-05-05 12:10:38,38.152
4JGCB2FB3AA271914,QX,Infiniti,2006,Indigo,2021-09-30 20:49:05,55.624
3D7TT2HT5AG062317,Caravan,Dodge,2007,Green,2021-07-03 23:42:56,56.422
WAUCFAFR6FA557602,3000GT,Mitsubishi,1993,Teal,2021-12-14 10:01:30,70.084
JH4DC23941S615461,Edge,Ford,2008,Yellow,2021-01-29 08:00:50,51.279
WUADUAFG3BN180731,Frontier,Nissan,2000,Violet,2021-09-01 04:39:16,94.639
3MZBM1K79FM033997,Aerio,Suzuki,2004,Red,2021-08-31 17:24:21,96.472
JTHBB1BA3A2484829,Alero,Oldsmobile,2002,Aquamarine,2021-11-30 22:41:49,66.513
WAUEFBFLXDN249042,Murano,Nissan,2004,Goldenrod,2021-11-05 05:27:04,2.577
1N6AF0KY5FN773982,Expedition EL,Ford,2012,Orange,2021-01-05 05:42:22,43.099
5UXWX9C51D0404916,Expedition,Ford,2010,Teal,2021-02-24 07:21:35,85.891
WBA3V7C57FP860795,Leone,Subaru,1988,Fuscia,2021-09-24 08:16:58,98.227
YV440MBC9F1650770,Mark LT,Lincoln,2007,Teal,2021-07-27 22:27:59,10.811
WAUSH74F58N135477,Ram 2500 Club,Dodge,1996,Turquoise,2021-12-17 07:03:49,
2C3CDXBGXDH814392,Capri,Mercury,1984,Purple,2021-02-27 21:34:02,97.375
WAUSF78K69N216485,MX-5,Mazda,1995,Yellow,2021-02-22 02:08:29,42.264
KNDMG4C73B6207107,Cougar,Mercury,,,2021-07-21 22:58:11,8.444
WAUKH78E18A224276,CR-V,Honda,2004,Khaki,2021-08-31 11:50:46,21.523
KMHHT6KJXFU678433,Taurus,Ford,2001,Orange,2021-06-17 17:08:12,44.857
1N6AA0CA8AN107188,Eclipse,Mitsubishi,1995,Teal,2021-06-07 04:28:17,24.961
WAULV94E39N113883,GS,Lexus,1998,Puce,2021-09-25 14:03:32,63.184
WAULL44E65N798853,M-Class,Mercedes-Benz,,,2021-11-24 14:09:04,76.043
1G6DE8EGXA0303900,Impreza,Subaru,2000,Maroon,2021-10-18 11:23:20,
2FMGK5CC5AB304610,Protege,Mazda,1994,Aquamarine,2021-10-21 23:27:29,
JN8AS5MT0CW645172,3 Series,BMW,2009,Fuscia,2021-05-19 16:21:09,5.871
WAUSF98E57A806820,Sonoma Club Coupe,GMC,1993,Yellow,2021-12-16 22:41:58,90.504
WAUYP64B01N920080,Equator,Suzuki,2011,Teal,2021-12-13 12:18:12,
2G4WY55JX11239266,Integra,Acura,1993,Yellow,2021-11-24 01:11:19,
1C3CDZCB0EN681780,Veracruz,Hyundai,,,2021-10-20 21:11:48,85.455
WAUFFAFL3EA140929,Yukon XL 2500,GMC,2003,Yellow,2021-10-18 01:40:39,3.623
3GTXKYEJ1AG982160,Focus,Ford,2009,Aquamarine,2021-04-21 17:03:48,22.796
JTHDL5EF5F5954143,xB,Scion,2008,Indigo,2021-01-16 17:19:31,
WBADX7C50DJ718240,Swift,Suzuki,1990,Pink,2021-05-24 14:55:06,64.174
YV1672MC9BJ325176,Breeze,Plymouth,1996,Mauv,2021-02-19 03:09:38,8.389
1FTEX1C87AK070848,Galant,Mitsubishi,2005,Green,2021-06-18 18:34:46,62.835
3D7LT2ET8AG937569,LaCrosse,Buick,2010,Fuscia,2021-10-17 15:20:33,14.344
3HGGK5G55FM625265,Avenger,Dodge,,,2021-05-31 03:55:03,
WAUWFBFL0CA052648,600,BMW,1959,Mauv,2021-02-04 22:21:37,
WAUMGBFLXCA937959,SX4,Suzuki,2008,Crimson,2021-12-08 23:55:14,77.04
WAUAF48H79K321584,C30,Volvo,2013,Blue,2021-02-28 20:56:15,
1FTFW1E81AF292749,B-Series,Mazda,1998,Fuscia,2021-09-03 04:08:07,18.624
5N1AN0NWXEN448125,Fusion,Ford,2007,Turquoise,2021-09-15 23:57:01,37.947
1G6DM5ED5B0641679,Scoupe,Hyundai,1992,Turquoise,2021-11-11 11:02:09,
WBAFR9C59BD722202,Bronco II,Ford,1987,Orange,2021-11-02 15:28:35,
1FTMF1CW6AK417843,G,Infiniti,,,2021-06-17 06:56:10,34.02
WAUVT68E62A261255,Bronco,Ford,1987,Red,2021-11-12 00:01:47,58.035
1GYS3DEF5CR928384,Escape,Ford,2008,Teal,2021-05-25 23:10:56,
JTDKDTB3XC1512868,Oasis,Isuzu,,,2021-09-09 17:50:54,
3D7JV1EP5AG068220,Sunfire,Pontiac,2000,Indigo,2021-02-25 01:40:22,41.799
19XFA1F32AE359602,Escalade,Cadillac,2002,Pink,2021-02-01 03:02:24,49.94
1GKUCGEJXAR881097,Accent,Hyundai,1995,Khaki,2021-09-28 07:00:09,84.268
KM8NU4CC2BU163747,Explorer,Ford,1998,Goldenrod,2021-11-21 00:09:20,47.842
1GTN1TEH9EZ830899,Prius,Toyota,2011,Pink,2021-10-23 05:29:42,24.197
1G6KF57912U189927,Journey,Dodge,,,2021-06-27 09:10:21,67.034
1FADP5CU0FL122167,Avanti,Studebaker,1961,Yellow,2021-08-21 22:42:18,
JTHBE5C25A5366012,Yukon,GMC,1995,Fuscia,2021-09-22 10:18:28,87.443
JTMHY7AJ9B4148574,Armada,Nissan,2008,Aquamarine,2021-10-14 22:16:11,5.083
YV4852CT8B1774500,VUE,Saturn,,,2021-05-12 17:05:12,64.042
SCFFDABEXCG664820,Grand Cherokee,Jeep,1997,Teal,2021-08-19 16:58:58,71.695
WAUJF98K09N250283,911,Porsche,1995,Indigo,2021-05-02 00:29:00,52.573
WAUBF78K49N167383,Contour,Ford,2000,Indigo,2021-02-23 08:13:19,
1C4AJWAG2EL416458,Savana 2500,GMC,2008,Mauv,2021-03-24 00:32:06,22.919
JHMZE2H5XES230479,MX-5,Mazda,1990,Puce,2021-08-08 11:21:24,
2T1BU4EE2BC366608,626,Mazda,1996,Violet,2021-06-02 23:27:53,89.766
WBABD33456P016401,F-Series,Ford,1985,Violet,2021-04-25 14:51:55,18.964
5FNRL5H22EB961287,CL-Class,Mercedes-Benz,2000,Crimson,2021-06-02 14:53:33,44.881
SCBCU7ZA8AC116328,3500,GMC,1992,Purple,2021-12-05 22:34:17,
WBAKA4C57CC454640,Ram 3500,Dodge,2005,Indigo,2021-11-29 02:50:05,69.993
1HGCP2E74CA830703,Cabriolet,Audi,1997,Crimson,2021-08-08 03:59:08,
KM8NU4CC4AU273813,Escalade ESV,Cadillac,2010,Red,2021-08-18 01:37:41,9.127
1G6AB5S37E0704533,Continental GTC,Bentley,2007,Aquamarine,2021-09-21 10:17:41,46.184
2D4RN1AG4BR164325,Allante,Cadillac,1993,Yellow,2021-03-07 03:40:36,18.934
JHMZF1D47DS363820,Cutlass,Oldsmobile,1997,Indigo,2021-09-06 04:37:38,
5FNYF3H28AB739645,LX,Lexus,2005,Violet,2021-03-19 00:16:19,
WAUFFAFL4EA314247,2500 Club Coupe,GMC,1994,Maroon,2021-04-03 03:26:40,58.823
3C4PDCAB5FT140772,Tahoe,Chevrolet,2011,Green,2021-07-05 20:08:39,85.155
1GKKRNED5DJ918516,TL,Acura,2000,Blue,2021-04-24 02:08:46,97.249
WBAYP1C56FD013457,Amigo,Isuzu,1992,Orange,2021-03-28 21:41:14,81.398
5BZAF0AA8FN222193,Century,Buick,1998,Yellow,2021-07-23 21:42:12,
WP1AA2AP4AL221072,Land Cruiser,Toyota,1994,Purple,2021-09-28 02:17:29,25.943
1GD01XEG9FZ081964,Entourage,Hyundai,2009,Pink,2021-12-20 00:28:49,22.513
5UMDU93477L468983,Silverado 1500,Chevrolet,2007,Indigo,2021-09-29 14:02:03,73.832
3C4PDCDG4CT824571,Tundra,Toyota,,,2021-06-06 20:52:27,
JA32X2HU3CU420824,164,Alfa Romeo,1993,Yellow,2021-01-04 07:03:40,
1G6KE54Y95U646096,Grand Prix,Pontiac,2007,Maroon,2021-07-12 06:05:08,57.911
4T1BK3DB8CU562172,F350,Ford,,,2021-03-04 17:23:01,85.897
KNAGM4AD0C5763412,Tempest,Pontiac,1965,Orange,2021-04-14 18:15:35,
WBA6B2C50FD339234,Express 3500,Chevrolet,1996,Goldenrod,2021-06-24 13:07:49,
5TDDW5G16FS576113,Grand Cherokee,Jeep,2009,Mauv,2021-11-23 02:40:09,72.248
JM1CW2BLXC0415068,1500 Club Coupe,GMC,1993,Turquoise,2021-12-28 20:46:17,
5GAKVDKD1DJ242539,Astro,Chevrolet,2005,Mauv,2021-08-13 17:25:40,64.231
WDBSK7AA0BF896012,Navajo,Mazda,,,2021-05-08 13:35:24,14.647
WBAAZ33493P465301,Legacy,Subaru,2007,Yellow,2021-12-14 11:05:13,61.115
WBAEV53463K097620,Diamante,Mitsubishi,1992,Red,2021-05-11 13:31:33,
WAUVF78K99A278337,MKZ,Lincoln,2012,Red,2021-06-30 20:53:05,42.57
WAUKGAFB3AN790754,Sierra 1500,GMC,2009,Turquoise,2021-07-23 20:16:57,
WBAVC73568A292656,E-Class,Mercedes-Benz,1994,Khaki,2021-10-31 21:30:15,49.512
5N1AR2MM7EC139997,Rogue,Nissan,2010,Puce,2021-06-07 05:54:14,87.588
5UXFA93514L118306,Corvette,Chevrolet,1957,Green,2021-03-23 19:17:40,
3D7JV1EP7AG078411,RX-8,Mazda,2011,Crimson,2021-11-12 02:32:42,2.651
1C3CDFBB9FD192642,CLS-Class,Mercedes-Benz,2010,Violet,2021-10-13 02:21:51,75.623
1GYEC63T62R334063,Sierra 3500,GMC,2008,Blue,2021-02-23 14:41:07,12.448
WBA3B1C57DF764545,S2000,Honda,2001,Aquamarine,2021-02-03 05:29:29,
JTEBU5JRXF5334339,C-Class,Mercedes-Benz,1996,Crimson,2021-07-10 06:44:19,46.924
KMHHT6KD2EU198072,Silverado,Chevrolet,2002,Orange,2021-09-05 03:39:02,31.155
1N6AA0EJ0FN512496,1500,Chevrolet,1996,Crimson,2021-06-30 21:52:27,27.068
KMHTC6AD0EU621243,Regency,Oldsmobile,1998,Indigo,2021-04-10 07:19:29,62.431
WBANU53508B325467,E-Class,Mercedes-Benz,1995,Pink,2021-09-08 10:08:28,
1GT01ZCG3EF451650,3 Series,BMW,1995,Mauv,2021-10-15 03:20:44,16.824
KMHTC6AD5DU750013,Prius,Toyota,2005,Aquamarine,2021-12-20 09:45:01,69.879
WAU3GAFD9FN281412,6000,Pontiac,1986,Puce,2021-05-28 16:56:06,9.92
JH4KC1F91FC867666,Blazer,Chevrolet,1999,Yellow,2021-06-15 13:09:00,
5FRYD4H43GB699401,Ram 3500,Dodge,2000,Aquamarine,2021-04-02 18:22:09,51.588
TRUUT28N311762728,W201,Mercedes-Benz,1993,Green,2021-08-09 18:12:18,28.628
JH4CL96886C161238,CL-Class,Mercedes-Benz,2007,Crimson,2021-02-05 00:28:26,9.482
4A31K3DT8BE625141,LX,Lexus,1997,Crimson,2021-09-20 02:44:09,19.708
1G6KD57Y58U091389,Impala,Chevrolet,1996,Mauv,2021-11-12 00:05:12,99.448
3N1BC1AP7AL776201,C70,Volvo,2000,Fuscia,2021-11-07 16:48:47,56.668
3GYT4LEFXDG202890,RDX,Acura,2012,Yellow,2021-01-14 21:11:47,58.058
JTDKTUD36DD227347,Windstar,Ford,1996,Teal,2021-10-08 12:13:37,76.585
2C3CDYCJ1EH718748,4000,Audi,1987,Green,2021-05-01 16:35:22,48.074
KMHCT4AE0FU018534,Mazda2,Mazda,2012,Maroon,2021-04-28 20:36:19,
1FTWW3B52AE411601,Sienna,Toyota,2000,Red,2021-02-05 20:17:37,
1C4RDHEG6FC777418,B-Series,Mazda,2004,Goldenrod,2021-02-26 08:45:55,20.86
YV1672MK6B2283101,G-Series 3500,Chevrolet,1998,Indigo,2021-05-28 05:44:46,54.455
KL4CJBSB0EB668410,Golf,Volkswagen,1998,Purple,2021-08-20 17:02:23,
1FMCU0E79AK948810,Town Car,Lincoln,1984,Teal,2021-01-13 08:00:39,93.155
1FMJU1F54AE426515,240SX,Nissan,1992,Violet,2021-08-11 08:12:00,
1C4RJEAG8EC104741,Explorer,Ford,1998,Fuscia,2021-01-09 20:37:42,43.229
5N1AT2MK1FC298144,Blazer,Chevrolet,1999,Mauv,2021-01-20 15:57:00,86.837
5XYKT3A18CG205458,D250 Club,Dodge,,,2021-01-07 04:35:57,4.359
JM3KE2BEXD0813941,Venture,Chevrolet,2000,Indigo,2021-06-23 09:55:20,6.522
SCFEBBAK6DG002572,57,Maybach,2008,Aquamarine,2021-06-10 23:09:48,10.89
WBAYA8C50FG563102,Exige,Lotus,2007,Yellow,2021-11-19 09:07:16,65.63
KL4CJBSB5FB632021,LFA,Lexus,2012,Maroon,2021-12-26 22:01:17,58.825
2T1BU4EE4CC792866,Clubman,MINI,2010,Mauv,2021-03-10 07:03:15,29.938
4JGBB9FB8BA346841,Continental,Bentley,2006,Purple,2021-04-13 09:57:27,50.179
JTDKN3DP4D3748435,Canyon,GMC,2006,Turquoise,2021-06-24 09:37:52,18.726
WDDEJ7EB5CA545041,Grand Vitara,Suzuki,2003,Purple,2021-10-02 07:33:25,
WBAVA33507F963951,Sportvan G20,Chevrolet,1995,Turquoise,2021-05-06 11:44:49,
JN1AZ4EH7DM097585,Continental Mark VII,Lincoln,1987,Green,2021-06-25 13:13:28,
JN8AZ2NC0D9549549,Monte Carlo,Chevrolet,2003,Green,2021-11-21 16:41:00,41.081
YV1902MD4F1397824,Tempo,Ford,1994,Goldenrod,2021-09-25 09:46:09,
JTHBL1EF2D5573430,Montero,Mitsubishi,1992,Khaki,2021-04-22 11:44:17,79.791
3N1AB6AP1BL656844,Voyager,Chrysler,2001,Turquoise,2021-09-17 06:22:32,65.792
KNALN4D7XE5622092,LeSabre,Buick,1988,Goldenrod,2021-10-15 18:10:31,77.988
WBAPK5C57AA183662,Reatta,Buick,,,2021-05-27 17:52:11,
WBAAX13453P099461,Quattro,Audi,1985,Violet,2021-07-01 14:37:21,17.462
1FTMF1CW0AF563406,Civic,Honda,2002,Khaki,2021-02-05 04:05:57,31.608
2G4WD532651678963,Windstar,Ford,1996,Indigo,2021-01-20 07:50:52,
19UUA9F75CA858653,Accord,Honda,2005,Aquamarine,2021-05-10 22:04:58,
5TFCY5F17CX104208,Tahoe,Chevrolet,2009,Teal,2021-11-10 06:28:59,73.235
1G4GD5GD1BF864883,Mighty Max,Mitsubishi,1986,Crimson,2021-10-15 20:18:42,
3C63DPHL8CG242177,Grand Am,Pontiac,1989,Khaki,2021-04-24 01:14:40,
4T1BD1FK3DU008826,Celica,Toyota,1994,Red,2021-05-15 18:34:44,39.168
JTHBL5EF9F1208843,Equinox,Chevrolet,2010,Purple,2021-03-30 16:50:17,
WA1DVAFE4AD202551,Regal,Buick,2001,Fuscia,2021-12-19 03:49:03,62.245
WA1LGBFEXED979382,90,Audi,1993,Red,2021-06-07 10:59:56,40.797
1GYUKCEF6AR171501,A6,Audi,2012,Violet,2021-08-20 07:08:08,84.103
JH4DC548X3S936009,Azera,Hyundai,,,2021-01-09 03:10:47,91.706
2T1KE4EE0BC272191,Intrepid,Dodge,2003,Mauv,2021-02-06 00:24:52,74.44
WBAKB83519C702975,Murciélago,Lamborghini,2002,Turquoise,2021-07-22 14:14:49,76.515
JTHDL5EF6F5307864,RX-8,Mazda,,,2021-10-13 16:47:36,
WAUEV94FX7N695639,Maxima,Nissan,,,2021-05-09 05:02:27,
5BZBF0AA5EN160996,Flex,Ford,2013,Maroon,2021-06-22 03:35:25,37.762
JM3ER2A56B0051403,Camry,Toyota,1999,Teal,2021-08-30 21:09:30,84.345
4T1BD1FK4FU196162,Explorer,Ford,2010,Purple,2021-08-28 08:45:35,
WBAAV33461E540685,Crossfire,Chrysler,,,2021-12-04 13:58:19,36.764
SCFFDABM5DG272322,Karif,Maserati,1990,Goldenrod,2021-08-12 11:48:12,21.836
3VW517AT5FM222427,300,Chrysler,2005,Red,2021-10-31 22:03:34,81.581
SCFEBBACXAG796822,Sparrow,Corbin,1999,Khaki,2021-07-30 12:09:15,49.134
3C63DRBL4CG748979,Sierra,GMC,2008,Violet,2021-11-06 16:58:16,
WAUVT68E24A552094,Challenger,Mitsubishi,1999,Fuscia,2021-04-11 01:56:57,58.784
1GYFC43579R031121,Golf,Volkswagen,,,2021-04-21 02:01:57,77.143
1J4PR4GK2AC005116,Prizm,Geo,1996,Red,2021-03-15 12:28:10,71.171
SALAC2D42CA396248,GTO,Mitsubishi,,,2021-03-31 15:37:29,5.458
WBAEN33435E542160,2500,Chevrolet,1999,Blue,2021-06-01 09:57:13,47.165
WBA4B3C58FD459179,Jimmy,GMC,1994,Yellow,2021-05-22 02:37:51,87.976
WDDHF2EBXDA048585,LS,Lexus,2007,Crimson,2021-10-28 07:43:15,
WAUWFAFL4BA473071,Range Rover,Land Rover,1999,Purple,2021-03-19 12:49:31,88.839
5FRYD4H80FB185376,X-Type,Jaguar,2008,Violet,2021-03-13 01:56:01,
2T1BURHE9EC567399,9000,Saab,1998,Goldenrod,2021-02-09 23:36:18,71.9
1FTSW3B52AE304031,Aurora,Oldsmobile,2002,Crimson,2021-10-26 16:09:48,97.804
3FAHP0HA0AR281042,Crown Victoria,Ford,2005,Puce,2021-09-15 02:41:44,98.024
JTDKDTB30F1087049,Aerostar,Ford,1986,Goldenrod,2021-08-23 21:14:47,65.99
5GAKRBKD9DJ660307,500E,Mercedes-Benz,1993,Fuscia,2021-08-19 23:52:26,92.605
5N1AR2MM7DC414573,Taurus,Ford,2001,Purple,2021-04-05 17:26:55,60.362
KMHEC4A42DA906748,9-3,Saab,2003,Maroon,2021-11-20 14:10:25,62.743
YV4952CF4C1496548,G35,Infiniti,2006,Purple,2021-12-01 10:40:28,99.499
1G6YX36D385827342,Boxster,Porsche,1997,Maroon,2021-02-13 17:46:01,
WAUJC68E83A110031,Tacoma,Toyota,2006,Green,2021-06-28 22:53:10,
1G6EC12912B605041,Genesis,Hyundai,2012,Green,2021-01-06 22:58:37,84.345
1GD02ZCGXBF027516,IS F,Lexus,2009,Violet,2021-12-18 11:21:55,30.985
WA1AV94L47D719327,Mustang,Ford,1990,Purple,2021-08-08 13:37:35,
1GTPCTEX5AZ367809,300ZX,Nissan,1991,Goldenrod,2021-08-04 08:27:04,
3VWJX7AJ9AM151494,9-3,Saab,2005,Violet,2021-10-01 08:36:59,93.07
5GAEV23738J457081,MX-5,Mazda,,,2021-12-06 10:31:19,88.583
1G6DL5ED9B0900936,T100,Toyota,1993,Crimson,2021-12-14 21:24:14,78.27
1D4PU6GX7AW987318,5 Series,BMW,2007,Yellow,2021-08-01 01:59:47,7.412
WBAUT9C52AA014012,Passat,Volkswagen,1990,Orange,2021-06-03 19:32:00,20.702
5TFCW5F16DX339822,Pathfinder,Nissan,2012,Purple,2021-07-10 08:20:41,96.491
SCFAB22371K700610,F150,Ford,2001,Yellow,2021-03-07 07:35:11,
WBALW3C59DC814041,Mazdaspeed 3,Mazda,2007,Violet,2021-08-02 21:34:47,74.688
1C6RD7LP3CS014102,S-Type,Jaguar,2003,Turquoise,2021-01-14 05:04:12,7.454
1G6DJ5EG9A0430017,Touareg,Volkswagen,2004,Orange,2021-05-11 06:34:09,38.876
TRUB3AFKXC1343109,Prizm,Chevrolet,1999,Goldenrod,2021-01-31 04:09:14,40.491
WAUSF98K89A720426,Sentra,Nissan,1994,Khaki,2021-11-05 06:11:36,89.856
2HNYD18252H386118,Concorde,Chrysler,2003,Fuscia,2021-10-02 22:07:21,55.13
1GYS4AEF5DR386586,Breeze,Plymouth,1997,Purple,2021-06-14 22:22:16,
3N1AB7AP1FL346978,Supra,Toyota,1993,Turquoise,2021-01-22 07:34:15,37.13
1D7RV1GT5AS658858,Mark VIII,Lincoln,,,2021-04-02 06:00:27,
1FTNF1E80AK981653,Forester,Subaru,2002,Crimson,2021-06-22 13:25:54,61.832
WBANN73577C361223,Veyron,Bugatti,2009,Purple,2021-09-27 03:49:20,24.47
WVGEF9BP7ED665525,Ram 1500,Dodge,2002,Maroon,2021-03-30 07:12:39,42.011
2T2BK1BAXCC959796,Milan,Mercury,,,2021-04-07 15:44:30,
3D73M4HL3BG728522,Focus,Ford,,,2021-05-12 22:07:12,47.149
1FMJK1HT2FE414856,Sedona,Kia,2008,Indigo,2021-12-02 22:04:54,69.161
2T2BK1BAXDC542390,Caprice Classic,Chevrolet,1994,Mauv,2021-04-29 06:24:23,35.248
3GYFNDE38DS760112,Ram 2500,Dodge,2002,Fuscia,2021-05-21 05:36:35,87.708
WAUEFAFL5CA704699,XC70,Volvo,2003,Maroon,2021-12-31 11:06:19,77.197
4F2CY0C73BK927547,RAV4,Toyota,2011,Aquamarine,2021-05-23 10:07:16,84.712
JM1CW2CL4F0634479,XJ,Jaguar,2011,Maroon,2021-02-05 08:08:39,
WA1LMBFE4DD720443,S-Class,Mercedes-Benz,2003,Pink,2021-09-04 03:52:30,
3VWF17AT9FM610913,Highlander,Toyota,2001,Aquamarine,2021-12-09 02:57:32,13.445
3G5DB03E95S124343,Sable,Mercury,2009,Khaki,2021-09-14 08:42:56,4.728
1G4HR57Y07U915172,Miata MX-5,Mazda,2007,Yellow,2021-10-12 11:21:26,
JM1DE1KY3D0606927,Panamera,Porsche,2010,Teal,2021-03-28 15:35:31,
3D7TT2CT0AG015140,MX-5,Mazda,2002,Blue,2021-01-20 08:04:20,40.044
JM3ER2A51C0521225,Traverse,Chevrolet,2010,Purple,2021-02-12 20:30:53,
1B3CB5HA7AD687359,Boxster,Porsche,,,2021-11-25 22:30:54,46.483
KNAFK4A60E5886391,Swift,Suzuki,2005,Purple,2021-08-09 16:28:28,50.515
WAUAF78E48A935181,GTO,Pontiac,2005,Red,2021-07-06 13:22:50,
WA1BV74LX7D413631,Durango,Dodge,2012,Khaki,2021-06-12 16:27:04,23.993
5TDBK3EH8BS911504,F150,Ford,2010,Turquoise,2021-11-14 02:52:14,
2FMDK4GC2AB676039,760,BMW,2006,Blue,2021-05-06 07:29:09,95.485
5N1AT2MK8EC164732,4Runner,Toyota,2008,Puce,2021-11-26 00:19:22,79.963
WBA3A5C54DJ397028,G,Infiniti,1995,Blue,2021-02-17 21:40:54,31.091
1GYS3FEJ9BR380033,Express 2500,Chevrolet,2012,Orange,2021-09-25 05:50:29,
WAUEH98E77A849238,Cavalier,Chevrolet,2001,Pink,2021-09-26 11:41:37,56.423
1FTEW1CM6EF043719,R8,Audi,2010,Violet,2021-07-22 14:07:23,24.491
1G4HK5E98AU928257,GS,Lexus,2002,Violet,2021-06-24 22:38:07,98.435
5FRYD3H67EB782841,Town & Country,Chrysler,2000,Yellow,2021-07-11 07:22:50,28.302
WBA3C1C58CA661465,LS,Lexus,2011,Indigo,2021-09-27 07:07:10,68.629
WBAKF5C5XBE156626,FX,Infiniti,2004,Pink,2021-07-06 22:02:10,18.155
1FTNF2B57AE839623,New Beetle,Volkswagen,2006,Violet,2021-05-09 02:51:10,53.001
1D4PT5GK1AW285626,Sentra,Nissan,1992,Puce,2021-09-14 11:48:29,
1B3CB9HA9AD418934,Cordia,Mitsubishi,1985,Aquamarine,2021-03-25 13:45:59,49.845
2C4RDGDGXFR166083,Sierra 1500,GMC,2008,Goldenrod,2021-12-30 09:56:45,
WAULD64B14N459396,New Beetle,Volkswagen,2010,Turquoise,2021-06-19 07:17:03,56.325
JTDKDTB39D1801645,Altima,Nissan,2005,Maroon,2021-09-19 04:21:26,
4A4JM2ASXAE480324,Prelude,Honda,,,2021-08-18 05:36:19,6.052
1C4RDHAG1CC732341,Quest,Nissan,1996,Purple,2021-02-05 19:25:39,28.841
5TDBW5G13FS994006,Charger,Dodge,2011,Orange,2021-07-03 21:24:07,53.757
2G4GV5GV3D9257787,Rodeo,Isuzu,2000,Khaki,2021-05-08 02:37:17,87.678
WBABD53494P447218,Montana,Pontiac,,,2021-08-08 01:39:49,
JA32U1FU7DU315680,NSX,Acura,2002,Teal,2021-12-16 09:05:48,42.814
WBAYM9C52DD150948,SC,Lexus,2000,Violet,2021-07-29 00:35:31,37.54
WAUFGAFB2BN034495,Malibu,Chevrolet,2009,Pink,2021-01-03 13:19:56,12.193
5GAKVBED9CJ020586,Jetta,Volkswagen,2008,Goldenrod,2021-12-28 09:16:10,66.985
WAUDFAFL6DA840112,Thunderbird,Ford,,,2021-12-23 14:48:20,
WAUEH78E88A976702,Explorer Sport Trac,Ford,2006,Purple,2021-01-13 02:26:58,
SAJWA2GZ7E8712961,Altima,Nissan,2005,Pink,2021-10-03 23:23:22,66.133
WAUTFAFH2DN300790,Camry,Toyota,,,2021-09-25 03:41:51,34.731
WAUAF48H98K193170,5 Series,BMW,2006,Green,2021-06-27 23:10:53,72.045
YV4940BZ5E1045943,Rabbit,Volkswagen,2006,Indigo,2021-02-24 10:30:48,75.313
1FMJK1FT3FE056802,SRX,Cadillac,,,2021-06-23 22:07:33,90.575
5N1AA0NC2CN638113,Hombre Space,Isuzu,1999,Maroon,2021-04-22 05:26:24,
WAUEH78EX8A051239,Jimmy,GMC,1992,Khaki,2021-12-25 19:36:09,
WAUCFAFR9BA622596,G35,Infiniti,2004,Maroon,2021-04-28 01:21:24,23.096
WBA3D5C57EF193481,Neon,Plymouth,1996,Maroon,2021-04-11 17:11:59,
WAUKF68E15A141684,Altima,Nissan,1996,Aquamarine,2021-09-25 16:13:35,16.242
5XYZT3LB7FG290902,S4,Audi,2000,Red,2021-01-26 02:30:20,
JN1AZ4EH3BM809622,Ram 50,Dodge,1993,Green,2021-04-25 05:11:04,71.781
1C4SDJCT9DC231332,RX-8,Mazda,2006,Crimson,2021-05-08 01:00:11,
WBSDE93441B004850,SLK-Class,Mercedes-Benz,2000,Aquamarine,2021-08-12 12:09:18,72.445
WAU4FBFL5BA609964,GT500,Ford,2009,Mauv,2021-03-17 08:58:12,68.311
WUAPV54B83N520093,Protege,Mazda,2002,Orange,2021-06-22 14:44:00,86.288
WDDHF0EB4FB457778,Sierra 2500HD,GMC,2006,Pink,2021-08-09 00:04:35,64.843
1GYS3KEF1ER901481,S40,Volvo,2000,Pink,2021-06-23 17:33:50,
1G4CW54K714436564,Compass,Jeep,,,2021-09-25 12:30:03,
1FTEX1CMXCF203031,Accord,Honda,1999,Yellow,2021-01-13 00:04:05,10.929
WBA3N5C57EK988258,E350,Ford,2007,Indigo,2021-01-08 15:38:34,32.128
1G4PS5SK5D4560899,Yukon,GMC,1997,Orange,2021-11-21 15:25:31,
1FTSW3B54AE165522,228,Maserati,1990,Turquoise,2021-05-28 18:56:40,
JN1BJ0HR5DM941034,Exige,Lotus,2005,Yellow,2021-04-11 00:52:34,46.424
SCBZK25EX1C304702,Passat,Volkswagen,1991,Violet,2021-04-17 05:55:28,
3C3CFFER4FT680202,Rendezvous,Buick,2003,Yellow,2021-03-20 09:16:32,76.291
2G4GS5EC7B9710283,B-Series,Mazda,2002,Yellow,2021-04-15 22:44:43,66.053
1G4HD57218U154129,Wrangler,Jeep,2004,Green,2021-04-28 16:08:26,91.603
WAUHF98P36A383570,MKT,Lincoln,2013,Orange,2021-11-17 03:31:48,16.419
WBALW3C58CC920463,IS-F,Lexus,2011,Violet,2021-09-26 10:14:05,
WAUFGBFB3BN471668,MDX,Acura,2009,Teal,2021-03-21 12:05:32,44.257
JN8AE2KP0F9881528,GTO,Pontiac,1966,Yellow,2021-10-02 06:48:02,73.978
1N4AL2AP2CC712778,Rodeo,Isuzu,2002,Puce,2021-04-10 03:36:34,59.477
SALVN2BG9DH191799,Ram 3500,Dodge,1996,Teal,2021-12-14 05:50:32,
WBA3R5C54FK094708,Corvette,Chevrolet,1957,Indigo,2021-08-03 10:16:18,65.065
WBAPH73559A726688,Camaro,Chevrolet,1994,Fuscia,2021-04-01 09:47:51,65.076
5TFBY5F12CX875011,New Beetle,Volkswagen,1998,Green,2021-11-24 14:19:44,75.99
1G6AE5SXXF0107727,Boxster,Porsche,,,2021-11-02 12:35:53,
1G6DL67A390626040,Carens,Kia,,,2021-05-11 14:12:42,
2G4WE537951591096,Rally Wagon G3500,GMC,1996,Fuscia,2021-07-02 14:29:10,98.054
WVWAP7AN8EE715668,QX56,Infiniti,2008,Red,2021-09-25 13:02:04,10.485
WP1AB2A24FL516830,Century,Buick,1984,Khaki,2021-07-08 18:23:52,86.746
4T1BF1FKXEU298719,Montego,Mercury,2006,Pink,2021-08-14 06:00:21,5.574
5UXFG43559L873760,Wrangler,Jeep,2010,Yellow,2021-07-03 15:43:18,27.306
JH4DC54883C240114,Electra,Buick,1989,Khaki,2021-05-29 15:41:02,
1FMJK1FT0FE449088,Regal,Buick,2003,Goldenrod,2021-05-10 08:27:50,35.433
WBADX7C55BE003735,Grand Marquis,Mercury,1994,Green,2021-02-15 14:21:45,3.641
1FTKR1AD1BP734711,LS,Lexus,2005,Purple,2021-05-25 13:56:16,
WAU4FBFL4CA845894,Taurus,Ford,1989,Mauv,2021-10-26 05:24:36,64.219
SCFAB02A76G046236,Grand Caravan,Dodge,,,2021-08-01 03:56:04,76.471
WBAGL83505D024467,MX-5,Mazda,1994,Yellow,2021-04-03 10:18:27,5.557
3N1CE2CP1FL785078,Aveo,Chevrolet,,,2021-09-01 19:22:52,
WBA3R1C57FF766164,Yukon,GMC,2010,Yellow,2021-01-20 19:05:57,
3FA6P0LU7ER913839,Dakota,Dodge,1997,Green,2021-09-10 06:20:27,57.192
3HGGK5G51FM316702,Excel,Hyundai,1992,Pink,2021-12-24 10:18:09,
JH4DC54832C838285,Caprice,Chevrolet,1996,Purple,2021-01-21 00:33:15,47.285
WA1MKAFP6AA996352,Escort,Ford,2004,Goldenrod,2021-06-22 17:39:38,41.181
JTHBE1BL3F1809808,Previa,Toyota,,,2021-12-31 06:13:17,68.739
JTEBU5JR1E5254037,Avalanche 1500,Chevrolet,2006,Pink,2021-06-30 08:51:56,46.743
1G4HP54K92U465035,Sonoma,GMC,2002,Puce,2021-12-09 13:56:00,35.769
KMHFC4DF6AA553878,RL,Acura,2008,Violet,2021-02-05 15:00:14,34.853
3GTXCYEJXAG299872,XLR,Cadillac,2008,Purple,2021-03-12 05:20:50,57.472
5N1AN0NW0EN656952,Sable,Mercury,,,2021-05-15 21:23:05,32.248
1GYUKJEF7AR504213,MKZ,Lincoln,2012,Violet,2021-08-24 00:19:45,60.397
WAUAF48H87K551549,E-Class,Mercedes-Benz,2010,Goldenrod,2021-12-12 00:09:01,
WAU4FAFL3CA935631,F430,Ferrari,2007,Aquamarine,2021-09-29 07:04:56,
3C3CFFJH5ET053486,Endeavor,Mitsubishi,2004,Puce,2021-05-08 11:50:13,72.644
5GAKRAKD7EJ505010,Expedition,Ford,2007,Indigo,2021-07-15 23:50:48,76.769
1GYEE23A490043142,Savana Cargo Van,GMC,,,2021-12-01 18:05:32,
WBA3B3C53DJ685771,Grand Marquis,Mercury,2006,Violet,2021-04-05 07:23:34,
1D4PU6GX8BW552499,HHR,Chevrolet,2006,Indigo,2021-10-12 12:29:05,49.79
1GKKRNED7DJ982816,Starion,Mitsubishi,1986,Purple,2021-07-04 07:34:15,76.596
3C63DPGL0CG487296,Festiva,Ford,1993,Aquamarine,2021-09-08 15:18:32,83.256
1G6AC5S32F0167567,Silverado,Chevrolet,2003,Blue,2021-02-27 10:04:57,19.705
1FBNE3BL7DD686067,Continental Mark VII,Lincoln,1991,Fuscia,2021-04-09 22:28:15,66.648
JH4CU2F69BC487904,Jetta,Volkswagen,1999,Goldenrod,2021-07-16 14:59:51,14.101
1G6ET12941B170773,Focus,Ford,2005,Violet,2021-07-28 02:17:13,76.542
WBAYF8C51ED444122,Impreza WRX,Subaru,2011,Pink,2021-10-18 12:21:55,
SALAC2D4XBA469235,Bronco,Ford,1987,Crimson,2021-12-13 05:57:23,71.725
2G4WE537551657904,Sunbird,Pontiac,1994,Maroon,2021-11-24 01:11:39,52.448
5UXFG8C51AL659974,SX4,Suzuki,2012,Goldenrod,2021-06-29 18:14:30,52.549
1GYS3BKJ0FR045827,Colt,Plymouth,1993,Teal,2021-01-30 09:43:35,37.27
WAUDV94F59N732773,Outlander Sport,Mitsubishi,2012,Purple,2021-05-30 19:21:20,5.689
1GYUCEEJ6AR899736,Cayenne,Porsche,2005,Green,2021-05-27 05:14:03,
1NXBE4EEXAZ209807,RX Hybrid,Lexus,2007,Blue,2021-03-03 07:53:23,83.001
1GKMCCE39AR950128,MDX,Acura,2007,Crimson,2021-11-17 03:16:54,84.313
2C4RDGCG7FR419815,Golf,Volkswagen,2006,Pink,2021-09-21 21:49:57,
WAUEKAFB6AN911546,IS,Lexus,,,2021-06-04 07:49:10,58.065
1FTSW3B53AE288311,Express,Chevrolet,2012,Mauv,2021-12-01 21:33:53,71.173
WAUVT68E65A277525,SX4,Suzuki,,,2021-05-06 01:38:11,
2T1BPRHEXEC516310,MPV,Mazda,2001,Orange,2021-08-27 06:34:26,
KNAFU5A20D5517459,Skylark,Buick,1996,Indigo,2021-11-20 16:05:56,54.165
KMHHT6KD1CU753932,E150,Ford,,,2021-10-12 18:07:58,93.283
1N4AA5AP9BC507514,Vantage,Aston Martin,2010,Aquamarine,2021-09-10 14:52:57,
WA1UFBFL2DA852504,RL,Acura,2007,Aquamarine,2021-05-26 10:27:44,88.839
3N1CN7AP1DL156580,Continental GT,Bentley,2008,Fuscia,2021-11-08 05:47:30,20.758
5TDDK3DC1DS203144,Century,Buick,1993,Blue,2021-12-05 07:38:16,
WAU4FBFL7AA007016,Tribute,Mazda,2008,Teal,2021-01-13 15:00:08,
KNAFT4A20A5726774,Impreza,Subaru,2002,Khaki,2021-04-19 05:35:54,47.829
KMHTC6AD0DU475649,Tacoma Xtra,Toyota,2004,Fuscia,2021-06-08 21:41:03,51.922
1GKS1EEF4BR702518,Eurovan,Volkswagen,1999,Goldenrod,2021-10-12 18:15:11,52.928
WA1YD64B74N984563,R-Class,Mercedes-Benz,2011,Turquoise,2021-03-05 04:04:48,4.485
WAUAH74F47N027393,DeVille,Cadillac,1995,Fuscia,2021-10-30 15:18:10,98.22
5UXWX9C55E0001345,LS,Lexus,2002,Violet,2021-07-29 08:31:25,61.701
1G6AZ5S37E0567184,LaCrosse,Buick,2007,Maroon,2021-06-24 21:34:24,
3N1CE2CP7FL879272,Corolla,Toyota,2004,Pink,2021-04-16 00:00:31,60.653
3D73M3CL9BG197960,900,Saab,1987,Crimson,2021-10-28 23:18:05,64.576
2G4WS52J031145373,V12 Vantage,Aston Martin,2012,Goldenrod,2021-05-14 23:39:24,15.022
3C3CFFERXCT669412,Park Avenue,Buick,,,2021-05-10 18:05:08,
1G4HB5EM5AU300371,Excursion,Ford,2000,Red,2021-04-25 13:14:58,3.34
1J4RR4GG8BC505030,Ranger,Ford,1999,Purple,2021-10-15 15:26:28,
1GYS3PKJ3FR586979,Crown Victoria,Ford,2001,Violet,2021-07-02 00:58:27,
2C3CCACG7CH815500,Savana 3500,GMC,2001,Turquoise,2021-01-08 20:37:36,33.039
1N6AA0CJ2DN981525,Malibu,Chevrolet,2012,Puce,2021-03-12 20:31:34,95.658
1G6DF577880209310,Prizm,Chevrolet,2000,Teal,2021-04-13 09:26:57,75.084
5TDBW5G10ES569342,XK,Jaguar,2009,Khaki,2021-05-28 07:35:19,4.789
WA1CFAFP7FA530985,Exige,Lotus,2004,Orange,2021-12-29 18:45:34,
WBALW7C54CD670060,Mirage,Mitsubishi,1995,Green,2021-05-02 08:20:45,14.938
5GALVBED9AJ676109,E-Series,Ford,2006,Yellow,2021-08-17 00:21:08,33.731
WAUSF78E67A329495,Grand Am,Pontiac,1997,Orange,2021-07-08 15:52:07,96.426
3N1BC1AP9AL908620,Z4,BMW,2012,Crimson,2021-10-05 08:46:47,92.709
3GTXKYEJ9AG280250,Accord,Honda,2000,Purple,2021-05-10 22:33:23,40.083
JTDZN3EUXFJ457276,RDX,Acura,2010,Yellow,2021-07-14 20:29:40,18.404
2HNYD28577H115181,S4,Audi,2013,Goldenrod,2021-02-21 15:09:49,90.718
1G6DC8EY2B0088321,Electra,Buick,1984,Red,2021-12-06 06:18:03,78.935
2C4RDGDG5FR148235,Corvette,Chevrolet,1987,Aquamarine,2021-11-01 20:01:09,17.639
JTDKDTB39C1901159,DBS,Aston Martin,2012,Crimson,2021-01-05 18:50:56,66.14
WA1YD54B73N781424,Silverado,Chevrolet,2006,Indigo,2021-02-13 12:27:43,90.213
WAUFFAFL2EN900681,3 Series,BMW,1998,Red,2021-07-30 05:00:24,59.808
JTDBT4K32CL210150,LeMans,Pontiac,1966,Maroon,2021-06-05 03:14:41,19.206
5J8TB18598A692442,Navigator,Lincoln,2000,Puce,2021-05-15 22:07:42,
5GAER13708J579069,LeSabre,Buick,,,2021-11-03 04:41:08,
WBA3A9C57CF228551,Malibu,Chevrolet,2004,Yellow,2021-11-23 18:53:25,37.579
KNADM4A39C6239244,XLR,Cadillac,2004,Puce,2021-07-26 09:37:04,
1G6DH8EY7B0477070,Avenger,Dodge,2000,Yellow,2021-12-06 01:21:24,
3VW1K7AJ9DM434450,Precis,Mitsubishi,1994,Pink,2021-01-27 03:49:19,91.998
WBA3A5G55EN137807,GTI,Volkswagen,2001,Teal,2021-12-24 21:47:10,30.239
JN1BY1AR9EM558498,Savana,GMC,2008,Khaki,2021-11-12 02:00:23,
2FMDK3GC6AB253006,EX,Infiniti,,,2021-08-08 22:03:13,11.258
WAUDL54F95N264152,DB9,Aston Martin,2006,Turquoise,2021-10-25 15:39:49,64.639
JN1AZ4EH9FM626635,Grand Prix,Pontiac,,,2021-05-14 18:46:00,63.808
WA1YD54B92N895133,DB9,Aston Martin,2011,Aquamarine,2021-12-15 01:36:58,1.793
1GYS4BKJ9FR620732,Viper,Dodge,2004,Orange,2021-06-23 18:24:53,42.445
SCBLE47K28C772574,G35,Infiniti,2003,Crimson,2021-06-03 19:39:02,97.668
1FBNE3BL0BD546651,Sentra,Nissan,2008,Red,2021-10-17 09:40:31,22.796
2HNYD18801H091835,XG300,Hyundai,2001,Blue,2021-06-28 00:38:19,43.309
2B3CL5CT0BH836771,S5,Audi,2012,Goldenrod,2021-10-14 06:37:24,49.111
WBADS33443G742521,Blazer,Chevrolet,,,2021-01-22 20:12:27,1.615
WBAUN1C5XDV959850,545,BMW,2004,Crimson,2021-06-16 10:42:11,99.085
2HNYD18663H634929,Tribute,Mazda,2004,Blue,2021-08-26 12:31:41,73.297
WP0CB2A84FS405721,Sebring,Chrysler,,,2021-01-03 01:23:12,30.767
WAUUL98EX7A164399,DBS,Aston Martin,2010,Aquamarine,2021-06-13 19:23:18,78.967
3VW4S7AT6EM547420,G5,Pontiac,2009,Goldenrod,2021-12-16 16:37:59,
JTHBW1GG5F2448701,E350,Ford,2003,Orange,2021-01-24 15:37:40,
WAUKF78E87A674852,E-Series,Ford,2007,Goldenrod,2021-02-03 06:23:28,
5N1AZ2MG3FN535991,VUE,Saturn,2008,Puce,2021-01-27 11:32:04,58.69
1G6DK1E31C0804853,Crossfire,Chrysler,2006,Khaki,2021-06-09 00:17:29,19.677
WBADW3C54BE958229,Venture,Chevrolet,2003,Indigo,2021-09-18 00:49:14,
5UXZV4C52CL197746,TSX,Acura,2009,Turquoise,2021-03-25 15:46:42,
WAUBG78E86A340364,Cabriolet,Volkswagen,1989,Red,2021-06-27 18:33:25,
3MZBM1K79FM129225,Aurora,Oldsmobile,1998,Purple,2021-06-05 09:36:57,
KNADH5A36A6699713,MPV,Mazda,1992,Pink,2021-10-13 20:40:33,17.428
WAULT54B33N026691,Escort,Ford,2002,Blue,2021-12-27 00:03:26,71.892
1G6AL5SX2D0448302,Torrent,Pontiac,2008,Teal,2021-10-18 21:55:14,4.697
5N1AN0NU9EN675031,S-Series,Saturn,1999,Crimson,2021-01-22 19:13:14,13.493
1N6AA0CH7EN795669,Rio,Kia,2011,Crimson,2021-02-05 01:47:10,
WAUUL58E05A077567,DB9,Aston Martin,2009,Goldenrod,2021-11-07 02:21:25,28.356
3GYT4LEF7DG981441,Challenger,Dodge,2010,Fuscia,2021-02-25 23:58:44,
2G4WB55K531863912,Element,Honda,2003,Blue,2021-11-02 18:09:36,
19XFB4F23DE557289,Neon,Dodge,2001,Puce,2021-07-13 11:58:28,57.063
1HGCR2E75FA323968,X5,BMW,2001,Mauv,2021-09-12 13:49:16,
SCFBB03B37G834038,944,Porsche,1987,Red,2021-09-04 14:40:49,55.742
KNAGN4AD4F5986442,Quattroporte,Maserati,2005,Yellow,2021-12-13 01:27:35,4.073
1G4GE5ED8BF492362,Murano,Nissan,,,2021-04-29 14:46:31,30.179
5N1AR1NB1AC583717,G-Class,Mercedes-Benz,2005,Crimson,2021-03-04 00:37:22,
1GYUKKEF5AR799947,Cordia,Mitsubishi,1988,Teal,2021-07-23 03:56:35,
YV126MFKXF1454230,Club Wagon,Ford,1995,Maroon,2022-01-01 03:00:52,
1FTEW1CF1FF995224,Bravada,Oldsmobile,1992,Green,2021-10-14 12:12:34,12.653
WAUKH74F67N456734,C8 Double 12 S,Spyker,2006,Purple,2021-05-14 00:28:27,
WBAGN83474D588424,Jimmy,GMC,1997,Puce,2021-01-22 23:21:41,90.285
JH4DC53832C266894,RX-7,Mazda,1987,Puce,2021-02-12 15:11:31,
1FTEX1CM6BF563976,F250,Ford,2010,Puce,2021-12-27 21:40:24,93.963
1D7RE3GK6AS578276,Yukon,GMC,1999,Puce,2021-10-03 13:28:27,38.578
WBAGN63464D998877,600SEC,Mercedes-Benz,1993,Crimson,2021-06-27 16:37:04,74.947
5N1CR2MN9EC192413,Trans Sport,Pontiac,1990,Pink,2021-03-03 09:35:14,2.604
2HNYD28258H261148,Malibu,Chevrolet,2006,Yellow,2021-08-06 20:56:25,
SAJWA0FS9FP679493,Exige,Lotus,,,2021-12-26 14:25:11,46.241
KM8JT3AB3BU102963,C8 Laviolette,Spyker,2004,Green,2021-12-07 00:17:56,91.848
1FTWX3A56AE069195,Astro,Chevrolet,1994,Aquamarine,2021-12-20 21:56:53,93.829
2T1BURHEXEC223421,Range Rover Sport,Land Rover,2012,Yellow,2021-05-06 17:53:23,
SCBCR73W97C429628,Probe,Ford,1992,Purple,2021-10-18 07:40:39,19.535
5GAER13758J339547,EXP,Ford,1988,Fuscia,2021-05-07 11:19:13,28.943
WA1VMAFE2AD034772,E-Class,Mercedes-Benz,1986,Mauv,2021-05-25 05:39:48,
5FNRL5H28EB458797,LUV,Chevrolet,1979,Fuscia,2021-11-25 19:55:53,
SCBFT7ZA8FC266074,Jetta,Volkswagen,2000,Mauv,2021-02-22 14:48:32,28.942
1N6AA0CA3AN426837,Supra,Toyota,1996,Aquamarine,2021-03-16 18:41:02,55.214
WBAUT93559A970712,Cultus,Suzuki,,,2021-09-18 18:40:48,29.359
WAULD54B43N359799,Dakota Club,Dodge,,,2021-05-23 16:14:43,53.921
5YMGZ0C53AL999524,A4,Audi,1997,Blue,2021-10-27 02:55:20,
WAUKH74F18N676641,280ZX,Nissan,1979,Green,2021-11-02 00:41:27,22.954
3C3CFFAR2FT079277,Grand Voyager,Plymouth,1994,Green,2021-08-23 20:39:23,6.081
1FTWF3B5XAE276500,A3,Audi,2006,Blue,2021-11-10 14:22:03,
1C4SDJCT5CC888823,Mariner,Mercury,2005,Mauv,2021-09-02 23:05:31,97.817
5GALVBEDXAJ848891,Maxima,Nissan,1992,Red,2021-05-21 09:37:28,
3GYFNAEY5AS324601,Boxster,Porsche,2004,Puce,2021-05-27 12:04:19,64.13
1G6YV36A295304097,RX,Lexus,,,2021-05-23 12:38:55,69.165
2C4RDGBG3DR419583,Fifth Ave,Chrysler,,,2021-09-25 04:10:00,26.046
